{
	"partitions" : [
		{
			"name" : "Top",
			"pins" : [
				{
					"name" : "A1",
					"strict" : false
				},
				{
					"name" : "A2",
					"strict" : false
				},
				{
					"name" : "A3",
					"strict" : false
				},
				{
					"name" : "A4",
					"strict" : false
				},
				{
					"name" : "B1",
					"strict" : false
				},
				{
					"name" : "B2",
					"strict" : false
				},
				{
					"name" : "B3",
					"strict" : false
				},
				{
					"name" : "B4",
					"strict" : false
				},
				{
					"name" : "d1",
					"strict" : false
				},
				{
					"name" : "RST",
					"strict" : false
				},
				{
					"name" : "CLK",
					"strict" : false
				},
				{
					"name" : "Ce",
					"strict" : false
				},
				{
					"name" : "d2",
					"strict" : false
				},
				{
					"name" : "d3",
					"strict" : false
				},
				{
					"name" : "d4",
					"strict" : false
				}
			]
		}
	]
}